sale_id,customer_id,product_id,timestamp,quantity,unit_price
S000001,C0018,24,2025-04-25 00:47:00,3,130.0
S000002,C0055,2,2025-04-15 21:47:00,5,52.6
S000003,C0004,18,2025-01-31 02:13:00,2,257.62
S000004,C0058,19,2025-07-23 22:41:00,5,215.56
S000005,C0044,9,2025-10-12 00:48:00,2,352.09
S000006,C0049,4,2025-06-09 06:48:00,3,60.08
S000007,C0094,15,2026-01-03 11:38:00,3,405.49
S000008,C0038,27,2026-07-04 03:59:00,4,48.61
S000009,C0030,25,2026-01-06 18:12:00,1,32.45
S000010,C0049,9,2025-10-24 02:54:00,2,434.58
S000011,C0046,7,2026-04-10 20:53:00,3,89.7
S000012,C0022,18,2025-10-01 22:59:00,1,308.47
S000013,C0082,23,2025-09-08 05:29:00,4,142.27
S000014,C0100,2,2026-07-25 07:43:00,3,423.0
S000015,C0009,7,2025-08-23 01:51:00,3,206.57
S000016,C0051,29,2026-08-04 22:20:00,2,331.16
S000017,C0072,18,2026-04-15 04:16:00,2,130.85
S000018,C0052,12,2025-09-27 23:37:00,4,449.93
S000019,C0007,28,2025-08-13 04:32:00,4,54.55
S000020,C0055,20,2025-04-23 04:40:00,2,398.12
S000021,C0068,9,2025-03-07 12:24:00,5,498.1
S000022,C0069,25,2026-07-21 00:43:00,1,344.04
S000023,C0021,15,2025-10-01 20:21:00,1,153.82
S000024,C0098,6,2025-01-04 23:56:00,3,486.23
S000025,C0065,20,2026-06-04 03:55:00,3,422.42
S000026,C0100,30,2025-07-23 04:23:00,2,274.3
S000027,C0015,30,2026-06-28 00:38:00,3,249.42
S000028,C0073,3,2026-01-07 09:15:00,1,128.03
S000029,C0069,25,2025-03-29 23:31:00,1,489.21
S000030,C0022,9,2025-05-09 04:42:00,4,473.96
S000031,C0097,24,2026-06-25 19:27:00,2,465.17
S000032,C0084,12,2025-07-25 22:19:00,4,497.62
S000033,C0009,11,2026-03-25 16:28:00,1,131.47
S000034,C0001,3,2025-01-22 18:35:00,2,298.34
S000035,C0010,17,2025-03-02 07:04:00,1,431.22
S000036,C0017,24,2025-09-01 08:42:00,4,114.98
S000037,C0053,7,2026-08-08 18:30:00,2,394.46
S000038,C0053,15,2025-04-07 03:42:00,4,183.61
S000039,C0094,11,2025-02-25 21:41:00,1,39.7
S000040,C0018,14,2025-04-22 07:12:00,2,272.78
S000041,C0010,15,2025-07-07 08:29:00,2,438.5
S000042,C0012,30,2026-07-18 03:03:00,5,419.65
S000043,C0052,29,2025-08-31 05:26:00,4,245.87
S000044,C0034,30,2025-03-02 05:24:00,1,492.8
S000045,C0063,5,2026-04-11 09:27:00,5,334.32
S000046,C0070,2,2025-07-14 09:13:00,1,293.8
S000047,C0068,6,2025-11-18 01:03:00,5,243.63
S000048,C0009,22,2025-02-28 16:05:00,2,43.58
S000049,C0077,2,2025-08-29 12:07:00,5,130.65
S000050,C0041,30,2025-03-25 13:42:00,5,286.96
S000051,C0051,5,2025-09-25 06:42:00,3,126.96
S000052,C0080,19,2025-11-04 14:20:00,1,14.56
S000053,C0017,30,2025-04-13 02:34:00,2,257.88
S000054,C0021,15,2025-12-24 02:56:00,2,191.07
S000055,C0084,17,2026-07-11 22:19:00,5,492.09
S000056,C0085,4,2025-01-09 21:52:00,5,156.7
S000057,C0020,9,2025-05-18 08:07:00,1,373.78
S000058,C0082,28,2025-10-16 19:13:00,3,109.76
S000059,C0007,3,2025-09-28 16:31:00,3,453.61
S000060,C0017,21,2026-03-10 08:02:00,1,173.44
S000061,C0055,18,2025-09-26 05:47:00,4,280.32
S000062,C0048,19,2025-01-10 03:04:00,2,277.34
S000063,C0047,29,2026-07-20 04:27:00,2,30.5
S000064,C0046,25,2025-02-10 11:13:00,2,336.8
S000065,C0031,28,2026-07-28 13:39:00,2,463.62
S000066,C0095,30,2025-06-16 05:56:00,4,22.15
S000067,C0090,4,2025-12-07 13:51:00,2,140.73
S000068,C0059,12,2026-01-27 01:54:00,4,118.99
S000069,C0052,11,2025-11-09 07:14:00,1,333.42
S000070,C0066,13,2025-10-13 02:49:00,3,182.06
S000071,C0034,6,2026-07-04 10:01:00,1,439.75
S000072,C0045,24,2026-08-18 08:02:00,1,302.32
S000073,C0074,7,2025-11-18 13:38:00,5,66.67
S000074,C0069,22,2025-09-18 01:45:00,4,10.83
S000075,C0043,20,2025-07-21 11:27:00,1,474.95
S000076,C0039,17,2025-11-18 21:54:00,1,362.68
S000077,C0038,18,2025-11-13 21:26:00,3,207.18
S000078,C0023,20,2025-05-11 06:26:00,4,341.89
S000079,C0039,10,2026-08-06 09:25:00,5,418.53
S000080,C0042,15,2025-08-04 13:50:00,5,307.26
S000081,C0095,6,2026-03-29 14:43:00,2,260.48
S000082,C0097,8,2025-03-28 09:32:00,5,174.24
S000083,C0006,8,2025-11-14 07:51:00,2,82.2
S000084,C0081,19,2026-05-02 19:54:00,1,233.15
S000085,C0032,5,2025-07-19 22:44:00,4,252.24
S000086,C0090,17,2025-01-06 03:49:00,4,117.23
S000087,C0016,15,2026-04-21 01:35:00,2,459.56
S000088,C0077,11,2025-05-17 14:42:00,5,494.07
S000089,C0071,15,2026-03-30 19:52:00,5,219.1
S000090,C0097,8,2025-06-12 23:55:00,4,230.53
S000091,C0010,23,2025-10-11 16:31:00,2,144.55
S000092,C0070,3,2025-10-20 07:17:00,3,166.66
S000093,C0091,7,2025-05-22 04:14:00,4,350.04
S000094,C0054,2,2025-03-07 13:26:00,3,275.88
S000095,C0003,28,2025-07-31 13:24:00,5,473.57
S000096,C0039,25,2026-08-13 12:30:00,1,471.94
S000097,C0029,16,2026-02-04 13:34:00,5,401.94
S000098,C0044,22,2025-08-13 08:27:00,4,24.22
S000099,C0080,18,2026-02-19 23:10:00,4,460.58
S000100,C0011,21,2025-01-28 12:37:00,5,334.87
S000101,C0034,13,2026-03-15 04:55:00,4,99.05
S000102,C0049,9,2025-12-02 06:29:00,3,175.38
S000103,C0096,18,2026-03-08 08:53:00,1,240.45
S000104,C0084,2,2025-02-23 11:14:00,1,392.8
S000105,C0031,5,2025-02-01 07:12:00,1,314.45
S000106,C0060,23,2026-04-30 21:07:00,5,474.4
S000107,C0096,23,2025-09-20 11:10:00,5,307.55
S000108,C0040,19,2025-04-28 05:19:00,1,293.56
S000109,C0089,27,2026-01-20 12:45:00,2,47.24
S000110,C0077,26,2025-09-06 03:44:00,3,426.64
S000111,C0055,22,2025-05-04 18:50:00,1,180.13
S000112,C0054,27,2026-01-15 02:32:00,3,16.2
S000113,C0059,23,2026-05-17 03:27:00,3,321.44
S000114,C0035,20,2025-06-06 13:11:00,5,483.08
S000115,C0076,9,2026-07-06 15:29:00,4,414.61
S000116,C0058,8,2025-11-27 07:53:00,1,146.67
S000117,C0064,28,2026-04-21 18:39:00,4,174.83
S000118,C0034,11,2025-11-29 05:31:00,2,183.86
S000119,C0067,7,2025-10-14 19:44:00,3,282.34
S000120,C0098,8,2025-03-29 07:46:00,4,249.4
S000121,C0003,3,2026-05-03 20:45:00,4,229.61
S000122,C0075,12,2025-10-29 07:25:00,2,160.04
S000123,C0096,18,2026-04-30 17:33:00,3,218.5
S000124,C0033,8,2025-12-05 11:44:00,4,142.75
S000125,C0069,25,2025-05-04 23:12:00,3,68.58
S000126,C0076,25,2025-07-09 06:13:00,4,145.48
S000127,C0038,8,2026-06-22 19:18:00,1,417.99
S000128,C0017,9,2026-01-05 05:19:00,1,356.93
S000129,C0017,21,2025-02-16 01:35:00,3,351.73
S000130,C0061,16,2026-05-18 03:55:00,1,291.29
S000131,C0062,4,2026-03-28 10:11:00,1,133.71
S000132,C0088,2,2025-03-08 12:31:00,1,292.74
S000133,C0011,8,2025-06-05 04:51:00,5,475.07
S000134,C0080,8,2025-05-02 17:48:00,4,307.1
S000135,C0076,14,2026-06-20 12:28:00,4,155.7
S000136,C0095,4,2025-11-09 18:39:00,1,308.72
S000137,C0021,8,2025-08-01 20:13:00,3,333.61
S000138,C0058,23,2025-06-27 17:04:00,2,11.31
S000139,C0037,23,2026-04-27 09:02:00,2,151.17
S000140,C0081,19,2026-04-10 02:43:00,2,462.72
S000141,C0020,30,2025-07-22 13:07:00,5,120.16
S000142,C0040,20,2025-09-30 04:04:00,1,91.3
S000143,C0039,23,2026-08-06 09:28:00,1,239.66
S000144,C0011,20,2026-02-17 08:32:00,5,251.96
S000145,C0004,3,2025-02-10 13:47:00,3,305.82
S000146,C0003,25,2025-08-23 21:53:00,5,297.69
S000147,C0084,15,2025-10-03 18:02:00,2,240.55
S000148,C0063,3,2025-10-12 05:37:00,4,321.04
S000149,C0014,28,2026-04-27 11:26:00,3,167.32
S000150,C0052,27,2025-06-14 10:26:00,4,151.23
S000151,C0042,4,2026-07-18 01:29:00,1,164.11
S000152,C0070,15,2026-02-18 16:52:00,1,332.25
S000153,C0097,16,2026-02-28 01:12:00,5,187.27
S000154,C0037,15,2026-03-29 01:13:00,3,279.12
S000155,C0091,6,2026-05-12 03:01:00,5,401.66
S000156,C0029,27,2025-11-15 17:00:00,5,209.92
S000157,C0092,10,2025-04-27 14:07:00,2,254.2
S000158,C0061,8,2026-06-06 22:17:00,4,419.01
S000159,C0077,17,2026-04-13 17:09:00,4,103.4
S000160,C0065,9,2025-05-20 02:17:00,4,176.54
S000161,C0075,22,2025-01-03 09:46:00,3,420.36
S000162,C0043,18,2026-05-17 04:28:00,5,247.33
S000163,C0090,8,2026-07-11 12:29:00,3,436.1
S000164,C0096,16,2026-08-09 12:14:00,4,31.39
S000165,C0005,5,2026-01-26 12:42:00,2,252.71
S000166,C0057,4,2026-05-30 18:21:00,1,438.35
S000167,C0084,5,2026-06-23 14:00:00,2,210.89
S000168,C0089,13,2025-03-18 15:50:00,3,175.9
S000169,C0041,21,2025-03-24 10:54:00,5,196.2
S000170,C0081,22,2026-05-15 17:02:00,5,43.53
S000171,C0013,25,2025-10-22 07:47:00,1,222.65
S000172,C0006,11,2025-04-13 14:10:00,3,452.68
S000173,C0032,17,2025-02-27 09:22:00,3,221.04
S000174,C0011,20,2026-02-26 18:43:00,2,93.29
S000175,C0075,5,2026-01-27 19:43:00,2,253.86
S000176,C0086,1,2025-08-26 14:40:00,3,235.19
S000177,C0057,12,2026-04-22 09:43:00,5,87.41
S000178,C0039,7,2025-11-03 20:27:00,3,233.85
S000179,C0046,19,2026-01-29 15:06:00,2,196.87
S000180,C0085,13,2025-10-30 22:18:00,1,489.19
S000181,C0096,16,2025-10-09 00:36:00,1,456.2
S000182,C0025,20,2025-10-21 07:38:00,3,117.31
S000183,C0081,21,2025-09-14 21:48:00,2,317.84
S000184,C0047,24,2025-02-10 09:50:00,4,26.35
S000185,C0054,6,2025-05-15 02:58:00,3,170.09
S000186,C0047,17,2025-07-25 04:50:00,5,439.47
S000187,C0062,26,2026-05-29 08:53:00,2,135.92
S000188,C0060,3,2025-10-30 23:55:00,3,404.07
S000189,C0072,12,2025-05-25 07:55:00,4,483.96
S000190,C0059,12,2025-04-03 12:00:00,3,272.92
S000191,C0030,16,2025-09-26 18:24:00,3,63.09
S000192,C0079,8,2025-01-26 19:56:00,5,170.72
S000193,C0039,21,2025-03-06 20:52:00,4,455.6
S000194,C0039,16,2026-02-23 03:08:00,1,473.67
S000195,C0059,12,2025-04-29 03:15:00,5,76.48
S000196,C0084,4,2026-07-08 13:37:00,2,443.85
S000197,C0048,7,2026-05-17 19:26:00,3,26.03
S000198,C0088,12,2026-03-31 14:15:00,3,58.68
S000199,C0025,4,2026-07-12 20:22:00,1,205.09
S000200,C0077,1,2026-04-11 02:42:00,2,324.44
S000201,C0027,3,2025-02-21 10:15:00,2,395.62
S000202,C0030,11,2026-07-22 06:37:00,2,408.4
S000203,C0019,5,2025-06-01 19:00:00,3,430.62
S000204,C0004,5,2026-07-08 08:51:00,2,63.86
S000205,C0003,6,2025-01-16 11:50:00,2,298.54
S000206,C0096,3,2025-09-29 01:08:00,4,267.78
S000207,C0014,15,2026-05-03 14:49:00,3,261.49
S000208,C0085,17,2026-05-31 07:39:00,1,366.35
S000209,C0062,28,2025-11-05 14:41:00,1,39.8
S000210,C0057,3,2026-02-16 13:43:00,1,250.23
S000211,C0036,20,2025-03-24 10:38:00,2,42.18
S000212,C0077,17,2026-08-23 17:45:00,3,196.64
S000213,C0090,4,2025-10-29 14:32:00,5,220.8
S000214,C0030,14,2026-07-19 23:55:00,2,220.73
S000215,C0041,14,2025-12-14 14:25:00,4,367.51
S000216,C0088,30,2025-11-17 21:16:00,3,477.26
S000217,C0013,24,2026-05-01 02:05:00,1,55.68
S000218,C0072,18,2026-01-17 04:35:00,1,297.37
S000219,C0086,25,2025-12-04 21:07:00,4,183.26
S000220,C0046,4,2026-03-10 23:03:00,3,304.2
S000221,C0029,28,2026-08-15 16:13:00,2,331.8
S000222,C0098,9,2025-04-21 11:54:00,5,190.1
S000223,C0099,27,2026-08-11 07:51:00,4,424.13
S000224,C0035,23,2026-07-25 00:38:00,3,24.19
S000225,C0019,19,2025-11-13 10:22:00,1,98.89
S000226,C0068,7,2026-02-15 02:09:00,1,54.96
S000227,C0040,24,2026-01-21 13:29:00,3,87.13
S000228,C0020,6,2025-11-29 18:38:00,1,442.84
S000229,C0055,16,2025-02-20 21:05:00,3,227.13
S000230,C0015,12,2026-03-29 13:17:00,2,379.92
S000231,C0086,10,2026-03-17 03:18:00,5,248.45
S000232,C0027,10,2025-02-16 07:25:00,5,36.84
S000233,C0016,1,2025-08-05 04:48:00,3,151.83
S000234,C0069,23,2026-05-25 23:27:00,2,73.3
S000235,C0095,2,2025-08-24 16:35:00,3,45.32
S000236,C0074,14,2026-03-23 00:29:00,1,432.43
S000237,C0052,1,2026-08-11 12:45:00,4,151.86
S000238,C0089,30,2025-11-29 05:51:00,5,235.45
S000239,C0076,13,2026-01-06 02:27:00,1,129.23
S000240,C0029,11,2026-06-21 02:25:00,3,375.44
S000241,C0025,29,2025-06-22 02:32:00,1,270.0
S000242,C0019,9,2025-12-24 11:46:00,2,125.77
S000243,C0084,3,2025-07-22 05:38:00,2,382.51
S000244,C0098,19,2025-07-01 20:31:00,4,379.68
S000245,C0080,11,2026-04-05 21:59:00,5,325.07
S000246,C0081,10,2025-11-20 04:28:00,1,239.77
S000247,C0040,15,2025-10-09 18:03:00,3,258.6
S000248,C0010,21,2026-04-08 01:03:00,3,417.53
S000249,C0075,18,2025-04-03 19:38:00,5,198.4
S000250,C0042,20,2025-02-12 14:58:00,5,329.4
S000251,C0044,23,2026-05-03 16:09:00,1,230.76
S000252,C0091,15,2025-03-28 16:41:00,2,29.18
S000253,C0048,30,2026-03-26 16:33:00,5,87.79
S000254,C0007,26,2025-10-17 12:26:00,3,342.66
S000255,C0050,10,2025-12-09 02:21:00,1,283.4
S000256,C0043,3,2025-09-16 23:54:00,5,437.91
S000257,C0084,23,2026-08-20 21:09:00,3,162.01
S000258,C0049,21,2026-02-06 04:38:00,1,161.7
S000259,C0086,14,2025-12-03 04:42:00,5,55.79
S000260,C0028,11,2026-06-05 11:01:00,3,161.34
S000261,C0038,28,2026-05-13 06:14:00,2,85.92
S000262,C0068,2,2025-04-14 16:49:00,5,419.21
S000263,C0021,6,2025-12-11 19:08:00,5,194.59
S000264,C0087,24,2025-06-19 23:28:00,1,211.32
S000265,C0058,8,2025-09-01 14:39:00,3,378.67
S000266,C0025,12,2026-07-01 07:19:00,4,452.95
S000267,C0065,17,2026-08-08 14:29:00,3,391.28
S000268,C0018,28,2026-03-05 05:52:00,2,402.62
S000269,C0071,30,2025-09-14 01:41:00,4,438.32
S000270,C0037,3,2025-04-16 22:54:00,5,427.07
S000271,C0056,3,2025-06-14 08:28:00,5,82.2
S000272,C0054,2,2025-08-16 14:56:00,3,465.93
S000273,C0011,12,2026-02-10 16:23:00,2,199.22
S000274,C0084,11,2025-08-18 00:20:00,1,421.2
S000275,C0061,23,2025-05-30 04:02:00,3,459.52
S000276,C0011,1,2025-05-23 22:30:00,4,311.52
S000277,C0094,20,2025-09-20 06:53:00,2,278.91
S000278,C0016,2,2026-06-25 13:07:00,3,126.44
S000279,C0015,27,2025-09-02 13:40:00,5,233.99
S000280,C0074,8,2026-05-27 19:34:00,1,319.66
S000281,C0031,19,2025-05-28 09:27:00,1,311.26
S000282,C0047,3,2026-03-03 05:42:00,1,266.51
S000283,C0050,28,2026-06-23 17:32:00,5,281.53
S000284,C0033,24,2026-04-27 01:40:00,4,490.71
S000285,C0094,22,2025-01-17 11:50:00,1,178.95
S000286,C0046,18,2025-04-17 18:47:00,3,75.37
S000287,C0062,21,2025-12-13 20:11:00,4,490.6
S000288,C0026,2,2025-07-06 04:04:00,4,28.12
S000289,C0070,16,2025-07-24 01:20:00,3,262.54
S000290,C0100,2,2025-09-17 01:48:00,2,150.19
S000291,C0052,24,2025-12-06 08:07:00,3,224.11
S000292,C0064,12,2026-03-27 12:21:00,2,253.14
S000293,C0011,14,2026-06-16 08:51:00,1,366.27
S000294,C0042,22,2025-07-04 17:18:00,3,60.27
S000295,C0022,23,2025-10-30 09:28:00,5,361.65
S000296,C0046,20,2026-03-31 11:28:00,1,366.14
S000297,C0082,13,2026-03-22 08:40:00,1,46.77
S000298,C0019,28,2026-01-08 16:51:00,2,476.87
S000299,C0083,12,2026-03-25 01:08:00,1,125.64
S000300,C0087,15,2026-01-06 12:36:00,1,306.5
S000301,C0068,12,2026-01-15 11:28:00,1,291.22
S000302,C0015,1,2026-02-12 10:41:00,3,132.31
S000303,C0016,9,2025-07-10 15:33:00,4,457.64
S000304,C0037,23,2025-09-24 22:28:00,2,498.22
S000305,C0058,6,2026-05-18 06:07:00,2,427.88
S000306,C0091,3,2026-04-01 02:51:00,3,337.24
S000307,C0092,23,2026-07-18 17:18:00,3,427.17
S000308,C0026,26,2025-06-28 11:32:00,2,69.47
S000309,C0071,19,2025-05-23 07:50:00,4,22.88
S000310,C0012,3,2026-01-13 14:51:00,5,73.59
S000311,C0099,14,2025-11-13 12:45:00,4,267.59
S000312,C0058,15,2026-08-12 02:08:00,3,324.75
S000313,C0024,25,2026-06-14 11:08:00,5,323.5
S000314,C0067,5,2025-05-13 13:32:00,1,417.38
S000315,C0029,12,2025-11-08 05:10:00,3,468.02
S000316,C0082,18,2026-06-16 09:54:00,1,132.8
S000317,C0012,17,2025-10-09 04:40:00,3,311.07
S000318,C0080,24,2025-06-22 18:37:00,2,93.89
S000319,C0083,25,2025-12-12 18:02:00,1,49.8
S000320,C0054,20,2026-08-14 08:41:00,2,385.81
S000321,C0039,16,2025-02-01 15:56:00,5,151.94
S000322,C0089,2,2025-09-08 21:25:00,3,232.24
S000323,C0044,20,2025-06-11 14:26:00,4,237.58
S000324,C0045,13,2025-05-28 10:55:00,3,369.76
S000325,C0031,15,2025-05-14 11:32:00,5,62.03
S000326,C0007,10,2025-05-06 08:28:00,2,79.03
S000327,C0021,27,2026-01-29 19:26:00,2,481.72
S000328,C0021,16,2025-12-02 18:46:00,3,103.02
S000329,C0012,13,2026-06-12 14:31:00,3,253.71
S000330,C0007,2,2026-06-02 14:15:00,2,295.84
S000331,C0002,28,2025-10-16 15:38:00,4,150.02
S000332,C0098,13,2025-04-21 13:08:00,3,366.48
S000333,C0025,12,2026-01-10 01:25:00,1,289.44
S000334,C0098,18,2026-07-21 09:04:00,4,257.09
S000335,C0013,13,2025-10-14 19:43:00,5,68.22
S000336,C0026,20,2026-01-18 10:35:00,3,379.93
S000337,C0018,23,2026-06-06 12:32:00,1,32.2
S000338,C0066,5,2025-12-08 15:33:00,4,82.98
S000339,C0079,24,2025-12-02 19:20:00,2,202.55
S000340,C0069,16,2025-11-03 18:21:00,5,415.86
S000341,C0087,4,2026-07-31 09:30:00,1,190.5
S000342,C0034,21,2026-03-03 18:19:00,1,302.49
S000343,C0022,17,2026-08-16 18:14:00,1,295.93
S000344,C0090,4,2026-01-25 04:52:00,2,25.47
S000345,C0053,23,2025-07-15 00:28:00,3,215.2
S000346,C0095,24,2025-07-28 13:32:00,5,461.06
S000347,C0042,22,2025-03-05 22:08:00,5,111.6
S000348,C0059,30,2026-05-05 16:24:00,3,478.78
S000349,C0093,22,2026-06-30 10:34:00,3,341.18
S000350,C0036,18,2025-09-28 19:30:00,2,479.1
S000351,C0089,23,2025-11-02 07:19:00,3,355.4
S000352,C0093,9,2026-05-16 10:30:00,3,284.64
S000353,C0051,27,2025-10-22 03:36:00,5,196.05
S000354,C0092,3,2025-12-20 04:18:00,1,150.94
S000355,C0028,7,2025-12-21 14:41:00,3,376.2
S000356,C0018,4,2026-07-06 08:59:00,5,351.12
S000357,C0068,8,2026-08-24 07:15:00,1,338.22
S000358,C0061,4,2025-08-27 01:06:00,4,171.84
S000359,C0061,16,2025-05-21 00:35:00,2,209.38
S000360,C0099,3,2025-07-24 09:20:00,3,326.49
S000361,C0023,14,2026-08-11 07:34:00,1,457.48
S000362,C0024,30,2025-06-30 01:53:00,4,396.1
S000363,C0014,30,2025-10-24 01:00:00,3,288.3
S000364,C0018,28,2025-12-10 09:29:00,5,266.92
S000365,C0043,6,2026-06-01 14:17:00,2,406.32
S000366,C0044,26,2026-04-15 20:16:00,2,16.9
S000367,C0082,29,2025-10-30 18:43:00,2,95.99
S000368,C0086,4,2026-02-20 13:32:00,3,52.5
S000369,C0001,9,2025-07-09 04:30:00,3,468.55
S000370,C0039,19,2026-01-28 07:28:00,3,477.48
S000371,C0008,22,2026-08-10 00:16:00,3,349.46
S000372,C0065,30,2025-05-02 14:19:00,2,208.65
S000373,C0029,8,2025-11-15 22:07:00,3,190.1
S000374,C0078,12,2025-05-17 15:09:00,4,376.39
S000375,C0086,27,2026-03-02 22:35:00,4,381.1
S000376,C0011,17,2025-08-12 07:43:00,5,437.84
S000377,C0073,4,2026-04-03 16:45:00,3,48.27
S000378,C0069,5,2025-03-05 17:57:00,5,109.06
S000379,C0088,7,2025-06-18 10:54:00,5,226.5
S000380,C0008,15,2026-08-21 15:05:00,5,228.29
S000381,C0072,15,2025-05-16 16:26:00,4,286.32
S000382,C0001,24,2025-11-12 23:01:00,4,134.68
S000383,C0090,3,2025-08-12 18:04:00,1,217.61
S000384,C0061,2,2026-07-09 01:59:00,1,493.21
S000385,C0094,21,2025-10-21 13:11:00,2,385.26
S000386,C0049,13,2026-03-07 11:57:00,4,229.78
S000387,C0045,4,2025-03-24 21:42:00,5,75.17
S000388,C0029,27,2025-07-02 17:25:00,5,72.4
S000389,C0070,14,2025-01-04 00:19:00,4,340.01
S000390,C0045,5,2026-06-29 12:52:00,2,131.28
S000391,C0085,14,2025-10-10 06:59:00,1,25.79
S000392,C0005,15,2025-01-17 07:13:00,1,59.44
S000393,C0030,18,2025-02-19 07:47:00,1,207.11
S000394,C0030,27,2025-08-11 01:08:00,5,496.81
S000395,C0042,8,2026-08-13 10:36:00,5,388.54
S000396,C0039,9,2025-11-06 04:42:00,5,118.31
S000397,C0055,18,2025-03-04 17:37:00,2,316.74
S000398,C0041,23,2026-05-23 01:22:00,4,395.04
S000399,C0097,18,2026-03-03 13:09:00,3,194.47
S000400,C0091,5,2026-04-30 07:54:00,2,157.36
S000401,C0072,17,2026-04-20 01:35:00,4,484.22
S000402,C0083,3,2025-05-18 12:15:00,3,109.63
S000403,C0025,2,2026-04-06 11:05:00,5,365.05
S000404,C0010,7,2025-10-02 12:43:00,5,305.43
S000405,C0043,10,2026-07-27 06:30:00,2,436.04
S000406,C0016,24,2025-01-16 06:59:00,2,481.42
S000407,C0051,30,2026-05-06 07:44:00,5,354.85
S000408,C0069,21,2025-09-03 17:20:00,3,196.52
S000409,C0064,15,2026-01-03 09:16:00,3,261.28
S000410,C0048,11,2025-04-11 23:30:00,3,458.02
S000411,C0003,9,2026-02-28 01:36:00,2,373.21
S000412,C0026,11,2026-07-21 18:37:00,4,154.64
S000413,C0084,22,2025-08-24 12:36:00,2,254.66
S000414,C0083,24,2025-12-12 08:48:00,4,483.59
S000415,C0093,18,2026-05-18 14:10:00,3,92.94
S000416,C0008,17,2026-05-16 05:58:00,5,495.26
S000417,C0053,5,2025-02-04 02:52:00,1,384.53
S000418,C0065,15,2025-08-25 02:45:00,2,14.48
S000419,C0085,16,2026-01-18 01:39:00,5,457.25
S000420,C0003,17,2025-01-17 00:34:00,5,211.56
S000421,C0090,22,2025-10-09 17:18:00,1,256.09
S000422,C0031,7,2026-03-17 05:06:00,1,266.95
S000423,C0051,3,2026-06-24 08:52:00,3,140.99
S000424,C0090,8,2026-01-18 12:29:00,5,129.17
S000425,C0084,25,2025-11-04 21:52:00,1,330.33
S000426,C0061,2,2025-02-02 02:25:00,4,194.81
S000427,C0056,21,2025-01-10 22:10:00,1,254.93
S000428,C0006,8,2025-12-06 18:54:00,1,448.45
S000429,C0006,30,2025-08-05 22:56:00,5,243.0
S000430,C0073,22,2025-03-18 21:59:00,3,450.66
S000431,C0027,19,2025-02-03 05:59:00,3,17.67
S000432,C0039,6,2025-05-28 22:52:00,4,465.15
S000433,C0070,11,2026-08-01 07:36:00,4,341.75
S000434,C0045,2,2026-01-29 23:08:00,1,255.39
S000435,C0099,20,2025-04-11 13:14:00,1,176.89
S000436,C0058,16,2026-02-11 10:01:00,3,393.94
S000437,C0088,19,2025-08-22 11:35:00,4,221.61
S000438,C0032,23,2026-01-25 02:49:00,5,154.74
S000439,C0082,5,2025-03-17 02:17:00,2,196.2
S000440,C0040,15,2026-02-03 10:23:00,1,54.85
S000441,C0056,15,2026-01-04 08:06:00,2,52.78
S000442,C0012,12,2026-07-25 17:32:00,4,60.61
S000443,C0050,1,2026-07-22 02:38:00,5,394.37
S000444,C0072,29,2025-10-26 13:24:00,1,365.17
S000445,C0022,5,2025-09-06 18:33:00,2,345.8
S000446,C0022,14,2025-10-03 09:17:00,4,81.51
S000447,C0047,9,2025-10-10 13:19:00,4,393.51
S000448,C0026,15,2025-09-10 23:40:00,4,300.97
S000449,C0043,27,2025-04-20 04:19:00,1,474.92
S000450,C0084,20,2026-01-25 10:28:00,3,221.0
S000451,C0026,16,2025-05-20 09:20:00,5,474.17
S000452,C0089,21,2025-11-18 05:25:00,3,152.81
S000453,C0036,27,2026-05-18 18:50:00,2,169.68
S000454,C0070,6,2026-02-07 11:07:00,5,107.9
S000455,C0027,15,2026-07-18 00:46:00,4,472.06
S000456,C0018,21,2025-10-26 22:04:00,4,339.76
S000457,C0049,3,2025-11-07 07:16:00,2,360.47
S000458,C0065,30,2026-04-05 19:30:00,5,206.39
S000459,C0069,20,2026-03-05 17:02:00,3,353.8
S000460,C0046,6,2025-03-29 03:49:00,2,332.22
S000461,C0043,26,2025-02-15 18:41:00,4,483.74
S000462,C0066,24,2026-03-17 03:00:00,1,136.78
S000463,C0048,13,2026-06-16 17:37:00,5,118.31
S000464,C0004,16,2026-04-20 21:37:00,5,83.87
S000465,C0094,5,2025-04-18 09:26:00,1,66.87
S000466,C0067,16,2025-12-23 09:21:00,4,394.29
S000467,C0058,11,2025-12-23 15:06:00,4,363.78
S000468,C0044,21,2025-03-10 09:02:00,1,21.07
S000469,C0095,8,2025-04-22 21:51:00,2,465.66
S000470,C0055,15,2026-06-13 05:35:00,2,172.18
S000471,C0085,14,2025-08-26 12:40:00,2,101.33
S000472,C0058,19,2026-02-10 00:47:00,5,442.72
S000473,C0097,23,2026-03-16 12:00:00,2,110.83
S000474,C0042,7,2025-03-06 18:06:00,5,101.61
S000475,C0082,11,2026-04-14 03:16:00,4,268.58
S000476,C0046,28,2026-02-02 19:25:00,5,65.97
S000477,C0076,3,2026-04-14 19:11:00,3,460.15
S000478,C0024,12,2025-05-18 10:07:00,2,159.64
S000479,C0074,13,2025-05-25 16:24:00,4,302.25
S000480,C0083,30,2026-03-10 05:31:00,5,349.78
S000481,C0024,11,2025-06-27 17:10:00,4,151.53
S000482,C0063,5,2026-04-07 19:03:00,3,476.4
S000483,C0053,22,2025-07-19 12:35:00,5,330.0
S000484,C0011,19,2026-05-19 13:45:00,4,249.46
S000485,C0069,10,2025-02-01 07:18:00,1,144.68
S000486,C0015,19,2025-06-22 14:36:00,4,279.37
S000487,C0047,18,2025-04-27 08:49:00,5,413.41
S000488,C0055,4,2025-02-12 23:28:00,5,117.09
S000489,C0045,28,2025-09-11 09:55:00,1,230.37
S000490,C0031,7,2025-03-31 14:55:00,1,390.06
S000491,C0018,26,2025-12-26 22:39:00,4,91.33
S000492,C0069,9,2025-07-31 06:51:00,1,289.34
S000493,C0035,28,2026-07-06 05:20:00,3,151.77
S000494,C0097,26,2026-06-11 21:52:00,1,76.44
S000495,C0017,8,2026-02-26 01:17:00,2,353.7
S000496,C0087,13,2025-05-30 22:20:00,2,383.12
S000497,C0049,15,2026-05-17 04:36:00,3,317.63
S000498,C0096,9,2025-03-19 20:50:00,1,207.4
S000499,C0100,28,2026-01-13 14:31:00,3,295.16
S000500,C0069,13,2025-04-06 23:29:00,3,426.55
S000501,C0042,27,2025-08-12 13:52:00,2,252.41
S000502,C0063,26,2025-10-18 10:35:00,5,73.99
S000503,C0081,26,2025-12-18 21:48:00,1,32.51
S000504,C0001,14,2026-04-16 00:07:00,2,226.23
S000505,C0039,6,2025-07-27 22:58:00,2,442.25
S000506,C0048,22,2025-10-08 02:41:00,3,132.69
S000507,C0097,8,2025-06-19 01:25:00,3,365.73
S000508,C0062,3,2026-03-16 20:05:00,1,10.53
S000509,C0002,1,2025-05-16 18:14:00,5,343.19
S000510,C0062,3,2025-12-18 03:55:00,4,350.08
S000511,C0048,29,2025-08-23 12:05:00,1,60.57
S000512,C0087,5,2025-11-03 04:24:00,2,324.37
S000513,C0022,15,2025-03-12 16:36:00,1,309.06
S000514,C0079,22,2025-12-26 23:13:00,2,460.75
S000515,C0016,19,2026-03-30 06:05:00,1,78.61
S000516,C0032,9,2026-01-29 11:27:00,3,397.63
S000517,C0078,10,2025-03-28 07:35:00,5,304.0
S000518,C0078,17,2025-01-28 21:56:00,3,110.67
S000519,C0031,16,2025-07-13 23:25:00,3,326.62
S000520,C0010,17,2026-01-31 03:15:00,4,322.66
S000521,C0073,14,2025-01-13 11:59:00,3,74.67
S000522,C0099,3,2026-01-10 17:43:00,2,383.74
S000523,C0006,30,2025-01-18 18:04:00,1,138.47
S000524,C0065,25,2025-03-03 12:32:00,3,318.0
S000525,C0069,18,2026-03-02 13:44:00,4,50.39
S000526,C0027,26,2025-06-06 08:05:00,3,48.72
S000527,C0098,27,2025-06-09 17:20:00,4,297.35
S000528,C0031,2,2025-03-09 09:44:00,4,367.68
S000529,C0079,20,2025-09-08 02:59:00,4,66.83
S000530,C0091,5,2025-02-26 09:42:00,2,68.53
S000531,C0093,9,2025-01-12 05:31:00,3,266.27
S000532,C0016,25,2025-06-20 11:08:00,3,369.14
S000533,C0009,9,2025-01-31 10:51:00,4,143.27
S000534,C0047,2,2026-08-14 20:04:00,4,233.05
S000535,C0099,4,2026-05-27 18:10:00,3,87.08
S000536,C0066,1,2026-08-11 21:46:00,1,121.92
S000537,C0050,30,2025-02-15 00:15:00,1,241.16
S000538,C0092,24,2025-06-03 05:59:00,1,280.9
S000539,C0093,11,2026-03-06 07:20:00,2,213.97
S000540,C0087,29,2025-10-05 02:36:00,3,68.51
S000541,C0052,3,2025-02-23 05:14:00,5,490.89
S000542,C0071,15,2026-04-22 09:49:00,3,170.38
S000543,C0039,24,2025-01-09 11:12:00,3,286.27
S000544,C0099,25,2025-09-06 14:23:00,5,486.21
S000545,C0032,5,2025-07-20 23:57:00,5,382.64
S000546,C0082,27,2025-01-07 13:01:00,2,275.36
S000547,C0094,10,2025-01-10 10:00:00,4,426.01
S000548,C0008,5,2025-04-17 06:33:00,2,215.71
S000549,C0067,14,2025-10-14 02:02:00,2,449.67
S000550,C0065,5,2026-01-17 14:47:00,1,294.58
S000551,C0085,5,2026-02-08 02:37:00,5,40.52
S000552,C0051,23,2025-08-31 09:16:00,3,463.76
S000553,C0026,5,2025-12-01 10:28:00,3,124.47
S000554,C0060,11,2026-08-22 03:09:00,1,90.54
S000555,C0027,15,2026-02-21 03:34:00,3,482.67
S000556,C0088,10,2025-11-12 14:16:00,1,54.31
S000557,C0092,8,2025-02-11 06:53:00,3,82.68
S000558,C0034,27,2025-12-31 12:32:00,1,341.82
S000559,C0071,8,2025-06-28 00:25:00,4,282.42
S000560,C0008,27,2025-04-07 14:06:00,2,69.51
S000561,C0081,21,2025-08-16 04:12:00,4,192.4
S000562,C0010,1,2025-03-28 18:37:00,3,459.54
S000563,C0012,29,2025-03-08 06:57:00,4,406.56
S000564,C0074,14,2025-12-06 03:02:00,4,34.81
S000565,C0023,12,2026-02-09 15:01:00,4,344.77
S000566,C0020,2,2025-08-08 05:17:00,3,228.55
S000567,C0071,16,2025-09-09 20:18:00,4,211.88
S000568,C0026,21,2025-03-04 02:17:00,4,77.25
S000569,C0049,26,2026-06-23 07:40:00,5,399.47
S000570,C0073,17,2026-01-03 15:34:00,4,178.58
S000571,C0077,8,2025-11-26 12:17:00,2,22.77
S000572,C0099,19,2025-01-31 08:03:00,4,269.42
S000573,C0035,18,2025-08-27 05:06:00,2,331.86
S000574,C0023,6,2025-02-27 07:36:00,4,183.85
S000575,C0004,23,2025-08-31 18:20:00,3,457.85
S000576,C0025,27,2025-12-27 18:36:00,2,285.92
S000577,C0012,2,2026-05-20 17:19:00,2,250.31
S000578,C0001,11,2025-08-27 19:14:00,1,267.96
S000579,C0042,2,2025-07-26 04:21:00,2,460.2
S000580,C0068,28,2025-01-23 04:37:00,2,389.44
S000581,C0044,10,2026-01-09 02:23:00,4,297.15
S000582,C0063,21,2025-11-27 04:10:00,4,398.0
S000583,C0079,26,2025-11-21 05:45:00,5,349.84
S000584,C0049,10,2026-01-01 07:42:00,5,409.08
S000585,C0074,13,2025-10-29 04:11:00,1,474.91
S000586,C0079,8,2026-08-05 01:11:00,5,165.93
S000587,C0096,3,2026-08-03 03:59:00,4,78.92
S000588,C0012,27,2025-09-01 11:20:00,2,321.73
S000589,C0089,3,2025-12-10 14:00:00,3,112.75
S000590,C0007,13,2025-12-25 08:50:00,1,363.0
S000591,C0064,29,2026-03-25 23:26:00,2,443.43
S000592,C0062,26,2026-01-23 11:34:00,4,59.7
S000593,C0010,26,2026-08-15 20:48:00,2,89.7
S000594,C0014,3,2025-02-04 09:01:00,3,137.95
S000595,C0010,18,2025-12-17 05:56:00,4,88.84
S000596,C0091,1,2025-04-06 10:38:00,5,447.68
S000597,C0021,2,2026-03-18 20:10:00,5,445.98
S000598,C0071,24,2025-04-14 10:13:00,2,210.55
S000599,C0013,2,2026-07-08 08:42:00,3,155.73
S000600,C0047,1,2026-02-07 18:35:00,4,85.26
S000601,C0013,1,2026-03-14 02:18:00,5,245.36
S000602,C0061,28,2025-07-31 05:40:00,3,488.76
S000603,C0085,9,2025-04-29 09:50:00,4,240.76
S000604,C0049,12,2025-04-04 20:34:00,4,100.59
S000605,C0034,8,2025-07-11 14:02:00,3,225.47
S000606,C0086,4,2025-10-03 18:03:00,2,378.6
S000607,C0097,19,2025-03-29 21:22:00,5,212.85
S000608,C0054,18,2025-08-21 17:03:00,4,411.02
S000609,C0011,13,2026-05-02 18:56:00,2,243.37
S000610,C0087,20,2025-02-05 16:36:00,5,402.22
S000611,C0022,7,2025-05-31 03:48:00,4,94.71
S000612,C0088,14,2025-07-17 04:02:00,4,48.4
S000613,C0094,30,2025-07-26 20:09:00,5,136.36
S000614,C0042,28,2025-03-10 02:24:00,5,204.7
S000615,C0080,19,2025-10-10 16:29:00,1,395.41
S000616,C0073,19,2026-06-20 13:07:00,4,83.32
S000617,C0013,26,2026-08-20 03:59:00,1,285.72
S000618,C0034,13,2025-10-20 17:56:00,3,440.17
S000619,C0036,13,2026-05-13 18:38:00,4,28.36
S000620,C0043,23,2025-05-28 19:38:00,4,29.0
S000621,C0048,1,2025-09-01 01:47:00,4,461.21
S000622,C0090,22,2025-12-12 09:19:00,3,422.99
S000623,C0057,25,2025-04-11 07:08:00,3,487.37
S000624,C0012,7,2025-11-25 08:46:00,4,306.44
S000625,C0098,17,2026-03-29 06:58:00,4,373.06
S000626,C0091,17,2026-01-18 01:32:00,2,42.15
S000627,C0004,6,2026-02-18 04:49:00,5,440.87
S000628,C0059,2,2025-07-17 06:53:00,1,132.25
S000629,C0060,17,2026-01-05 22:12:00,3,190.49
S000630,C0031,12,2026-02-11 20:59:00,1,343.78
S000631,C0061,19,2026-05-16 19:28:00,2,480.65
S000632,C0034,24,2026-07-19 11:22:00,2,420.45
S000633,C0074,25,2025-04-03 09:01:00,4,34.33
S000634,C0035,21,2025-08-08 07:41:00,2,342.07
S000635,C0017,21,2026-02-24 16:01:00,1,242.31
S000636,C0078,26,2025-06-27 19:51:00,1,119.65
S000637,C0049,28,2025-11-09 22:45:00,3,217.67
S000638,C0087,17,2025-12-24 14:16:00,2,238.68
S000639,C0085,27,2026-02-11 18:06:00,1,260.64
S000640,C0039,22,2026-01-19 17:41:00,5,308.43
S000641,C0082,11,2025-04-21 15:04:00,3,494.3
S000642,C0067,25,2025-10-11 08:41:00,3,102.3
S000643,C0041,22,2025-09-04 01:51:00,5,208.01
S000644,C0034,30,2025-05-24 23:01:00,4,498.76
S000645,C0074,27,2026-03-05 12:24:00,1,295.68
S000646,C0082,26,2025-07-14 10:46:00,2,346.3
S000647,C0022,27,2026-05-03 21:22:00,5,157.1
S000648,C0095,9,2026-07-26 05:18:00,1,240.68
S000649,C0029,12,2026-07-27 05:43:00,3,330.67
S000650,C0043,12,2025-08-17 23:55:00,3,216.03
S000651,C0061,2,2025-09-24 18:18:00,4,427.09
S000652,C0025,17,2026-08-21 18:39:00,1,241.39
S000653,C0007,28,2025-05-03 21:24:00,5,156.19
S000654,C0073,29,2025-06-04 04:12:00,3,210.5
S000655,C0063,11,2026-04-14 04:20:00,2,391.68
S000656,C0036,7,2025-07-01 10:40:00,1,12.31
S000657,C0098,25,2025-06-22 18:48:00,2,249.89
S000658,C0052,14,2025-04-01 04:39:00,4,320.41
S000659,C0094,12,2026-05-04 12:00:00,1,271.55
S000660,C0087,1,2025-01-15 10:48:00,5,103.38
S000661,C0014,13,2025-09-12 07:44:00,3,162.93
S000662,C0006,10,2026-05-31 18:19:00,2,41.99
S000663,C0044,14,2025-10-25 14:46:00,5,302.22
S000664,C0025,6,2025-05-18 10:57:00,4,186.03
S000665,C0017,7,2026-02-18 00:14:00,2,366.31
S000666,C0092,21,2025-01-23 18:32:00,2,70.35
S000667,C0080,2,2025-02-08 12:56:00,3,387.91
S000668,C0015,14,2025-02-19 21:06:00,1,33.64
S000669,C0090,5,2026-03-31 12:07:00,5,133.84
S000670,C0085,4,2025-07-30 22:43:00,1,157.55
S000671,C0054,27,2026-06-17 08:39:00,5,353.36
S000672,C0015,26,2025-04-18 16:46:00,5,67.69
S000673,C0034,27,2025-04-19 15:12:00,5,107.88
S000674,C0006,18,2026-06-20 06:22:00,4,154.72
S000675,C0001,1,2026-05-24 06:44:00,4,172.0
S000676,C0020,3,2025-04-02 03:53:00,5,337.82
S000677,C0083,8,2026-06-08 02:46:00,1,453.34
S000678,C0023,28,2026-04-13 09:16:00,4,34.54
S000679,C0015,4,2025-02-10 09:23:00,3,218.74
S000680,C0022,11,2025-02-16 00:54:00,2,335.04
S000681,C0012,12,2026-01-02 14:39:00,3,440.45
S000682,C0059,9,2025-12-17 05:07:00,4,206.12
S000683,C0084,29,2026-01-30 22:54:00,4,401.95
S000684,C0021,4,2025-06-20 03:08:00,1,490.97
S000685,C0024,20,2026-03-03 18:30:00,5,342.41
S000686,C0094,29,2026-01-24 11:39:00,1,432.66
S000687,C0053,15,2025-05-14 15:58:00,4,65.34
S000688,C0087,17,2025-02-17 02:16:00,3,16.06
S000689,C0086,28,2026-08-14 23:36:00,2,489.17
S000690,C0085,24,2025-12-13 16:33:00,5,56.67
S000691,C0072,29,2025-09-12 15:22:00,4,82.84
S000692,C0061,28,2025-02-25 00:41:00,2,257.73
S000693,C0043,9,2026-05-23 05:04:00,4,167.11
S000694,C0052,27,2025-02-21 16:14:00,5,325.23
S000695,C0058,3,2025-08-29 02:29:00,4,402.62
S000696,C0096,21,2026-05-26 14:20:00,1,490.53
S000697,C0071,1,2025-01-19 03:25:00,4,27.56
S000698,C0072,7,2025-04-04 19:39:00,3,446.15
S000699,C0059,11,2026-04-13 10:23:00,1,410.13
S000700,C0047,23,2026-07-28 19:38:00,4,361.16
S000701,C0046,27,2026-04-09 03:06:00,2,11.08
S000702,C0006,29,2025-10-26 17:33:00,3,354.03
S000703,C0079,7,2025-06-18 15:08:00,4,62.41
S000704,C0025,23,2025-07-12 03:59:00,4,115.64
S000705,C0082,27,2025-12-13 03:48:00,4,32.79
S000706,C0018,16,2025-05-07 14:29:00,5,478.53
S000707,C0056,27,2025-01-05 16:47:00,1,281.08
S000708,C0023,23,2026-08-23 15:59:00,5,392.73
S000709,C0085,20,2026-08-16 05:46:00,2,60.74
S000710,C0078,30,2025-11-26 16:56:00,4,215.15
S000711,C0058,26,2025-09-12 08:25:00,3,485.54
S000712,C0096,17,2025-05-17 04:26:00,5,353.01
S000713,C0071,21,2025-11-03 22:35:00,3,358.82
S000714,C0088,12,2025-08-11 06:13:00,5,360.05
S000715,C0089,21,2025-05-16 22:41:00,2,256.91
S000716,C0075,19,2025-11-27 22:07:00,3,285.52
S000717,C0055,26,2026-03-04 21:47:00,5,150.1
S000718,C0007,22,2025-01-14 16:06:00,1,196.63
S000719,C0088,9,2025-02-27 06:17:00,2,491.93
S000720,C0070,2,2025-05-30 01:44:00,3,109.96
S000721,C0095,18,2026-01-03 14:06:00,5,435.34
S000722,C0066,26,2025-08-18 23:41:00,5,200.55
S000723,C0050,14,2025-10-22 22:42:00,1,463.98
S000724,C0026,20,2025-11-17 17:03:00,1,374.4
S000725,C0070,24,2026-03-30 07:58:00,3,380.0
S000726,C0088,3,2025-07-21 23:12:00,3,229.92
S000727,C0006,14,2025-07-11 05:47:00,5,68.48
S000728,C0033,1,2025-10-13 17:16:00,2,88.86
S000729,C0042,20,2025-12-05 14:45:00,2,29.57
S000730,C0074,18,2025-02-22 20:39:00,3,250.37
S000731,C0024,17,2026-01-02 02:50:00,3,267.44
S000732,C0052,3,2025-03-11 16:10:00,4,276.11
S000733,C0043,12,2025-12-24 07:56:00,2,335.03
S000734,C0072,27,2025-10-28 06:48:00,5,269.94
S000735,C0083,20,2025-01-10 03:42:00,3,228.38
S000736,C0015,13,2025-09-07 01:43:00,3,196.87
S000737,C0067,27,2025-09-20 17:46:00,3,22.11
S000738,C0006,10,2026-01-19 16:51:00,5,228.32
S000739,C0022,25,2025-07-17 10:32:00,1,474.62
S000740,C0081,25,2026-07-05 17:00:00,1,113.28
S000741,C0090,29,2025-08-07 21:27:00,1,110.73
S000742,C0020,1,2026-03-22 20:52:00,1,375.98
S000743,C0007,6,2026-04-16 22:21:00,1,52.89
S000744,C0034,14,2025-09-15 17:04:00,5,412.59
S000745,C0003,13,2026-02-02 14:40:00,4,222.18
S000746,C0096,19,2025-05-02 17:00:00,5,40.99
S000747,C0065,4,2025-02-16 22:54:00,1,185.27
S000748,C0098,30,2025-10-24 21:19:00,5,52.39
S000749,C0069,8,2026-03-25 12:25:00,1,242.25
S000750,C0082,5,2025-05-20 23:25:00,5,154.54
S000751,C0002,18,2025-11-02 21:56:00,3,479.12
S000752,C0077,13,2026-07-23 04:07:00,1,12.46
S000753,C0095,29,2026-07-05 17:05:00,3,112.93
S000754,C0024,8,2025-12-19 06:26:00,5,79.8
S000755,C0073,28,2025-09-16 06:07:00,2,338.78
S000756,C0086,3,2025-02-25 17:29:00,5,45.84
S000757,C0043,12,2025-09-14 03:12:00,5,248.72
S000758,C0080,3,2025-05-12 21:41:00,2,59.02
S000759,C0085,10,2025-07-18 10:31:00,4,170.89
S000760,C0041,14,2026-08-22 04:36:00,5,188.6
S000761,C0092,24,2025-06-22 00:20:00,2,394.97
S000762,C0094,11,2026-03-23 08:53:00,3,75.81
S000763,C0063,18,2026-05-07 14:28:00,3,389.64
S000764,C0036,28,2025-04-22 05:41:00,5,50.17
S000765,C0081,3,2025-05-24 17:12:00,3,369.44
S000766,C0075,19,2025-03-19 00:54:00,5,319.5
S000767,C0070,29,2026-02-19 18:13:00,1,280.28
S000768,C0029,29,2026-07-07 15:41:00,2,189.25
S000769,C0051,12,2025-10-25 04:29:00,5,260.1
S000770,C0079,22,2026-05-30 00:42:00,2,425.51
S000771,C0073,19,2025-06-19 16:08:00,4,88.02
S000772,C0006,8,2025-05-30 23:46:00,4,470.2
S000773,C0006,22,2026-05-15 07:04:00,3,191.02
S000774,C0059,29,2025-07-31 16:58:00,3,200.17
S000775,C0067,21,2025-02-17 01:41:00,3,60.58
S000776,C0023,13,2025-10-08 23:16:00,5,276.73
S000777,C0049,30,2026-01-23 11:37:00,1,263.16
S000778,C0045,16,2025-08-17 16:25:00,3,410.45
S000779,C0057,6,2026-05-09 19:00:00,5,442.2
S000780,C0024,6,2025-08-24 02:32:00,3,113.64
S000781,C0054,26,2026-01-06 19:45:00,1,333.94
S000782,C0062,7,2025-12-05 23:07:00,4,340.86
S000783,C0006,5,2025-06-15 20:53:00,4,21.0
S000784,C0006,29,2026-08-11 18:10:00,2,318.47
S000785,C0024,17,2026-08-10 04:03:00,2,136.55
S000786,C0094,22,2026-02-20 19:36:00,1,440.47
S000787,C0061,28,2025-10-18 02:13:00,4,307.2
S000788,C0075,27,2026-05-09 05:14:00,4,304.41
S000789,C0093,22,2025-07-06 19:42:00,5,139.62
S000790,C0049,13,2025-12-17 14:38:00,5,43.73
S000791,C0065,22,2025-05-16 03:01:00,2,266.13
S000792,C0079,20,2026-03-06 04:38:00,1,96.94
S000793,C0085,5,2025-02-09 17:32:00,1,55.66
S000794,C0048,28,2026-07-07 00:57:00,4,265.8
S000795,C0062,26,2025-02-14 22:33:00,4,122.45
S000796,C0018,9,2026-01-26 11:37:00,5,57.88
S000797,C0070,14,2026-05-04 07:58:00,1,148.8
S000798,C0016,17,2025-09-21 06:00:00,1,293.21
S000799,C0041,14,2025-01-08 12:41:00,2,347.01
S000800,C0033,9,2026-01-06 03:09:00,4,329.27
S000801,C0088,13,2026-07-03 13:36:00,3,309.82
S000802,C0048,18,2025-07-28 13:35:00,5,246.41
S000803,C0100,23,2026-07-23 15:16:00,3,293.05
S000804,C0058,26,2026-02-12 23:08:00,1,376.43
S000805,C0044,26,2025-06-15 03:13:00,5,206.27
S000806,C0082,1,2026-07-18 19:44:00,1,88.76
S000807,C0009,9,2025-04-04 04:30:00,5,223.33
S000808,C0050,30,2025-08-16 11:05:00,5,28.5
S000809,C0077,2,2026-02-15 19:41:00,5,150.37
S000810,C0085,30,2025-06-29 20:31:00,4,15.25
S000811,C0066,17,2026-06-15 09:12:00,1,394.14
S000812,C0084,1,2025-08-26 19:10:00,1,186.27
S000813,C0051,13,2025-06-11 02:17:00,4,183.03
S000814,C0009,30,2026-08-24 06:33:00,1,371.09
S000815,C0045,12,2025-04-03 17:18:00,5,458.35
S000816,C0052,19,2025-10-11 07:38:00,2,232.83
S000817,C0072,3,2025-01-05 08:11:00,4,258.06
S000818,C0033,29,2026-05-31 09:21:00,1,403.44
S000819,C0073,16,2026-07-05 18:16:00,4,483.37
S000820,C0076,28,2025-09-07 10:49:00,4,343.98
S000821,C0082,26,2025-01-29 15:07:00,3,43.1
S000822,C0053,12,2025-08-14 21:44:00,2,402.08
S000823,C0012,13,2026-06-13 17:00:00,3,131.65
S000824,C0046,7,2025-12-17 02:35:00,2,243.51
S000825,C0026,8,2026-08-11 08:11:00,2,254.51
S000826,C0032,27,2025-09-05 08:13:00,2,109.36
S000827,C0011,22,2025-12-31 04:49:00,1,68.74
S000828,C0062,12,2026-05-20 19:00:00,5,479.42
S000829,C0063,6,2025-11-19 15:57:00,5,435.7
S000830,C0017,2,2026-06-08 08:25:00,2,377.58
S000831,C0045,13,2026-06-23 13:30:00,5,25.96
S000832,C0089,1,2025-06-28 14:07:00,5,235.43
S000833,C0042,12,2025-01-13 21:13:00,4,294.69
S000834,C0061,20,2025-09-23 05:35:00,3,126.2
S000835,C0054,23,2025-12-18 11:11:00,4,217.73
S000836,C0024,19,2026-01-17 11:54:00,4,147.02
S000837,C0093,9,2025-05-15 18:43:00,2,408.95
S000838,C0095,5,2025-08-30 17:27:00,4,106.07
S000839,C0081,17,2026-04-30 00:11:00,4,254.8
S000840,C0072,28,2026-07-01 23:20:00,4,157.02
S000841,C0008,7,2026-08-05 01:25:00,1,348.37
S000842,C0043,9,2025-09-18 15:53:00,1,230.43
S000843,C0033,12,2026-01-05 11:35:00,5,466.6
S000844,C0078,7,2025-01-21 13:07:00,3,435.01
S000845,C0100,10,2026-08-14 18:41:00,5,95.52
S000846,C0095,15,2025-12-30 10:43:00,5,248.87
S000847,C0019,28,2025-03-22 12:39:00,3,237.24
S000848,C0079,19,2025-06-21 20:51:00,3,216.69
S000849,C0041,11,2026-02-19 02:05:00,2,178.38
S000850,C0035,29,2025-10-26 22:17:00,5,325.88
S000851,C0058,14,2026-04-01 11:47:00,5,265.26
S000852,C0031,22,2025-06-21 05:54:00,1,71.27
S000853,C0051,4,2025-09-15 23:44:00,1,113.18
S000854,C0004,25,2025-04-08 02:59:00,4,278.73
S000855,C0080,5,2026-02-11 16:48:00,1,60.92
S000856,C0032,24,2025-03-28 20:59:00,4,161.59
S000857,C0022,1,2025-10-18 14:40:00,2,74.33
S000858,C0060,28,2025-02-05 21:22:00,3,433.48
S000859,C0090,18,2026-07-08 08:35:00,4,76.21
S000860,C0082,29,2025-07-01 18:38:00,4,319.21
S000861,C0045,16,2026-08-01 13:33:00,5,161.73
S000862,C0047,14,2026-07-07 07:51:00,1,226.51
S000863,C0098,28,2025-09-24 04:19:00,1,10.05
S000864,C0089,30,2025-05-20 11:18:00,4,272.2
S000865,C0038,20,2026-05-19 15:19:00,1,385.28
S000866,C0072,14,2025-08-25 00:35:00,3,102.4
S000867,C0029,9,2026-02-09 07:10:00,4,415.93
S000868,C0079,26,2025-03-23 13:40:00,2,263.14
S000869,C0053,7,2025-10-06 09:41:00,5,406.32
S000870,C0059,20,2025-03-12 05:08:00,3,64.07
S000871,C0042,1,2026-04-09 08:44:00,5,251.08
S000872,C0014,10,2025-06-05 01:34:00,1,101.11
S000873,C0030,3,2025-10-03 04:45:00,4,366.28
S000874,C0040,26,2025-06-04 00:31:00,2,177.54
S000875,C0097,5,2026-05-26 11:29:00,1,171.82
S000876,C0061,6,2025-02-27 08:49:00,4,44.98
S000877,C0016,25,2025-07-16 08:52:00,4,415.84
S000878,C0005,7,2025-09-12 12:49:00,4,131.11
S000879,C0027,16,2026-04-17 23:49:00,1,265.36
S000880,C0094,2,2026-02-03 21:19:00,3,87.72
S000881,C0039,7,2026-07-17 16:07:00,3,245.8
S000882,C0031,21,2026-01-05 01:55:00,2,486.9
S000883,C0075,4,2026-03-21 10:00:00,2,399.25
S000884,C0089,16,2026-02-10 07:00:00,1,294.73
S000885,C0064,3,2025-06-08 11:49:00,1,131.87
S000886,C0020,23,2025-12-13 20:03:00,1,184.2
S000887,C0072,26,2026-07-04 03:08:00,4,124.01
S000888,C0049,12,2025-12-22 14:46:00,2,20.46
S000889,C0057,18,2025-05-18 08:57:00,1,247.8
S000890,C0024,18,2025-10-29 17:44:00,4,102.99
S000891,C0077,30,2025-12-23 10:46:00,4,144.91
S000892,C0038,27,2026-07-22 05:04:00,5,85.96
S000893,C0082,17,2025-09-27 17:23:00,4,10.35
S000894,C0047,25,2026-01-24 23:11:00,1,313.67
S000895,C0069,27,2025-09-02 10:46:00,1,332.56
S000896,C0020,20,2026-02-01 06:33:00,4,385.21
S000897,C0067,22,2025-10-17 10:26:00,3,64.13
S000898,C0005,7,2025-03-10 01:53:00,2,97.53
S000899,C0083,27,2025-04-20 15:12:00,1,25.59
S000900,C0076,9,2026-02-02 21:31:00,5,315.75
S000901,C0002,30,2025-02-20 11:14:00,5,361.74
S000902,C0082,2,2025-08-02 20:31:00,1,239.35
S000903,C0091,2,2026-01-05 17:47:00,4,412.79
S000904,C0010,7,2025-09-30 16:02:00,1,418.88
S000905,C0025,7,2026-06-16 03:06:00,2,270.51
S000906,C0023,18,2026-06-23 21:15:00,5,316.41
S000907,C0074,12,2026-07-26 13:47:00,1,385.48
S000908,C0022,26,2026-04-15 22:42:00,4,442.58
S000909,C0021,18,2025-07-04 17:25:00,5,175.38
S000910,C0042,28,2026-03-30 11:57:00,3,279.54
S000911,C0042,20,2026-01-16 13:48:00,4,414.82
S000912,C0071,30,2025-09-04 18:34:00,2,193.78
S000913,C0001,24,2025-09-18 11:28:00,4,480.31
S000914,C0039,1,2025-02-05 09:38:00,1,263.63
S000915,C0089,27,2025-11-04 07:13:00,3,20.63
S000916,C0074,5,2025-10-10 17:32:00,5,289.63
S000917,C0034,12,2025-04-07 01:29:00,3,86.49
S000918,C0012,19,2026-08-20 07:14:00,3,407.43
S000919,C0093,11,2026-02-14 18:58:00,2,369.79
S000920,C0013,20,2026-05-10 05:31:00,5,411.56
S000921,C0100,2,2025-11-04 01:46:00,5,196.96
S000922,C0016,28,2025-12-09 11:56:00,4,214.1
S000923,C0082,25,2025-08-21 23:41:00,5,465.04
S000924,C0070,19,2026-01-27 01:19:00,5,30.18
S000925,C0087,24,2025-06-03 10:32:00,2,85.07
S000926,C0012,8,2026-02-07 14:48:00,5,291.87
S000927,C0044,3,2026-03-19 09:50:00,4,82.53
S000928,C0034,3,2026-05-03 18:47:00,1,278.59
S000929,C0062,18,2026-02-13 16:27:00,2,383.4
S000930,C0079,24,2025-07-22 15:25:00,5,106.09
S000931,C0056,11,2026-06-21 07:15:00,1,140.47
S000932,C0045,7,2026-08-13 02:07:00,4,217.53
S000933,C0022,12,2025-11-25 11:38:00,1,387.14
S000934,C0030,7,2026-03-29 19:09:00,4,31.99
S000935,C0007,8,2026-01-18 04:48:00,1,65.06
S000936,C0015,10,2025-06-01 09:00:00,3,349.96
S000937,C0069,7,2026-04-06 15:01:00,3,112.41
S000938,C0080,24,2025-07-28 17:33:00,3,278.91
S000939,C0085,17,2025-05-25 22:44:00,1,194.54
S000940,C0090,20,2025-02-14 08:10:00,1,149.17
S000941,C0085,9,2025-10-05 01:29:00,1,42.63
S000942,C0084,13,2026-01-04 03:01:00,3,435.03
S000943,C0063,28,2025-08-25 12:32:00,1,452.9
S000944,C0059,18,2026-06-29 02:11:00,2,255.32
S000945,C0063,13,2025-01-23 01:15:00,5,159.41
S000946,C0039,8,2025-06-10 00:22:00,3,184.14
S000947,C0050,29,2026-05-29 08:51:00,1,316.64
S000948,C0051,22,2025-01-31 17:17:00,2,84.34
S000949,C0087,20,2025-05-21 02:46:00,4,265.15
S000950,C0040,30,2025-08-21 13:15:00,5,84.85
S000951,C0018,19,2025-12-04 14:34:00,2,111.31
S000952,C0040,23,2026-07-09 21:51:00,2,432.67
S000953,C0073,30,2026-06-21 04:27:00,2,331.55
S000954,C0093,4,2025-06-11 10:04:00,5,271.15
S000955,C0098,11,2025-07-08 10:53:00,2,366.27
S000956,C0082,30,2026-02-28 13:19:00,4,375.35
S000957,C0024,1,2025-10-08 04:49:00,2,62.32
S000958,C0030,8,2025-10-01 19:36:00,5,123.15
S000959,C0078,16,2025-01-27 11:05:00,4,75.7
S000960,C0018,6,2026-01-18 05:54:00,4,250.81
S000961,C0002,30,2025-07-17 07:02:00,4,384.62
S000962,C0009,6,2025-10-04 13:14:00,2,381.31
S000963,C0032,14,2026-03-26 19:31:00,3,434.72
S000964,C0051,20,2026-02-19 01:38:00,4,362.9
S000965,C0091,26,2026-08-09 19:34:00,5,324.28
S000966,C0006,29,2025-02-09 16:06:00,4,233.88
S000967,C0006,18,2025-09-09 16:34:00,4,492.08
S000968,C0057,13,2026-02-01 16:48:00,1,103.03
S000969,C0079,30,2025-11-08 09:29:00,2,217.01
S000970,C0083,15,2025-02-25 22:33:00,2,237.15
S000971,C0075,29,2025-04-03 23:32:00,1,98.09
S000972,C0004,6,2026-07-14 04:25:00,4,168.5
S000973,C0012,9,2026-04-10 18:57:00,2,442.45
S000974,C0016,3,2025-11-28 22:41:00,2,362.0
S000975,C0091,13,2025-04-27 22:28:00,3,51.8
S000976,C0006,25,2026-06-08 19:10:00,4,279.67
S000977,C0019,6,2025-06-24 10:36:00,2,89.44
S000978,C0058,10,2025-02-22 13:19:00,3,367.78
S000979,C0001,20,2025-07-05 03:57:00,2,480.61
S000980,C0070,26,2025-09-17 00:29:00,4,429.15
S000981,C0076,22,2025-01-06 19:56:00,4,126.56
S000982,C0077,1,2026-05-03 14:26:00,4,48.91
S000983,C0027,2,2025-09-08 17:17:00,5,318.03
S000984,C0005,22,2025-07-09 04:03:00,3,27.99
S000985,C0007,4,2026-08-15 19:19:00,3,460.99
S000986,C0089,23,2026-03-03 05:10:00,3,309.43
S000987,C0047,30,2026-08-10 17:11:00,4,377.17
S000988,C0049,27,2025-02-06 02:49:00,3,168.18
S000989,C0061,5,2025-03-11 13:53:00,5,41.81
S000990,C0053,17,2025-05-05 22:55:00,3,171.31
S000991,C0074,24,2025-08-03 22:13:00,5,38.51
S000992,C0091,10,2026-06-26 02:30:00,5,467.61
S000993,C0074,20,2026-03-14 19:54:00,3,137.23
S000994,C0094,21,2025-12-29 04:39:00,5,253.23
S000995,C0030,23,2026-05-25 15:51:00,2,443.0
S000996,C0081,26,2025-10-25 06:00:00,1,21.75
S000997,C0054,14,2025-05-01 23:54:00,2,401.79
S000998,C0028,1,2025-02-16 10:22:00,5,404.96
S000999,C0040,10,2025-07-26 22:18:00,3,397.2
S001000,C0043,11,2026-06-03 17:20:00,1,65.78
